date,wti_price,election_phase
2024-10-01,57.2,pre-election
2024-10-02,58.85,pre-election
2024-10-03,67.79,pre-election
2024-10-04,65.35,pre-election
2024-10-05,60.65,pre-election
2024-10-06,68.58,pre-election
2024-10-07,62.3,pre-election
2024-10-08,53.67,pre-election
2024-10-09,56.57,pre-election
2024-10-10,57.77,pre-election
2024-10-11,66.12,pre-election
2024-10-12,61.8,pre-election
2024-10-13,62,pre-election
2024-10-14,60.55,pre-election
2024-10-15,57.22,pre-election
2024-10-16,68.93,pre-election
2024-10-17,62.49,pre-election
2024-10-18,50.17,pre-election
2024-10-19,63.51,pre-election
2024-10-20,57.64,pre-election
2024-10-21,54.66,pre-election
2024-10-22,58.91,pre-election
2024-10-23,54.87,pre-election
2024-10-24,56.36,pre-election
2024-10-25,56.87,pre-election
2024-10-26,51.57,pre-election
2024-10-27,64.19,pre-election
2024-10-28,60.77,pre-election
2024-10-29,54.31,pre-election
2024-10-30,66.27,pre-election
2024-10-31,62.13,pre-election
2024-11-01,63.52,pre-election
2024-11-02,64.48,pre-election
2024-11-03,59.39,pre-election
2024-11-04,64.11,pre-election
2024-11-05,75.83,post-election
2024-11-06,66.49,post-election
2024-11-07,55.97,post-election
2024-11-08,67.98,post-election
2024-11-09,68.73,post-election
2024-11-10,80.59,post-election
2024-11-11,58.33,post-election
2024-11-12,64.42,post-election
2024-11-13,84.88,post-election
2024-11-14,83.59,post-election
2024-11-15,81.63,post-election
2024-11-16,86.62,post-election
2024-11-17,72.04,post-election
2024-11-18,69.18,post-election
2024-11-19,75.55,post-election
2024-11-20,80.59,post-election
2024-11-21,94.14,post-election
2024-11-22,50.35,post-election
2024-11-23,72.73,post-election
2024-11-24,76.55,post-election
2024-11-25,69.45,post-election
2024-11-26,54.42,post-election
2024-11-27,77.42,post-election
2024-11-28,62.21,post-election
2024-11-29,75.06,post-election
2024-11-30,79.08,post-election
2024-12-01,82.84,post-election
2024-12-02,54.42,post-election
2024-12-03,80.82,post-election
2024-12-04,62.43,post-election
2024-12-05,57.11,post-election
2024-12-06,83.14,post-election
2024-12-07,76.46,post-election
2024-12-08,72.57,post-election
2024-12-09,77.6,post-election
2024-12-10,61.4,post-election
2024-12-11,68.49,post-election
2024-12-12,69.06,post-election
2024-12-13,67.19,post-election
2024-12-14,77.34,post-election
2024-12-15,85.37,post-election
2024-12-16,65.44,post-election
2024-12-17,69.67,post-election
2024-12-18,86.37,post-election
2024-12-19,66.71,post-election
2024-12-20,43.96,post-election
2024-12-21,75.14,post-election
2024-12-22,61.14,post-election
2024-12-23,60.01,post-election
2024-12-24,84.21,post-election
2024-12-25,94.48,post-election
2024-12-26,59.6,post-election
2024-12-27,80.31,post-election
2024-12-28,69.06,post-election
2024-12-29,71.42,post-election
2024-12-30,77.22,post-election
2024-12-31,72.14,post-election
2025-01-01,61.49,post-election
2025-01-02,65.3,post-election
2025-01-03,76.86,post-election
2025-01-04,46.64,post-election
2025-01-05,80.95,post-election
2025-01-06,54.33,post-election
2025-01-07,70.22,post-election
2025-01-08,68.1,post-election
2025-01-09,82.93,post-election
2025-01-10,71.89,post-election
2025-01-11,71.02,post-election
2025-01-12,76.98,post-election
2025-01-13,61.73,post-election
2025-01-14,68.04,post-election
2025-01-15,81.78,post-election
2025-01-16,76.83,post-election
2025-01-17,57.25,post-election
2025-01-18,76.38,post-election
2025-01-19,56.22,post-election
2025-01-20,64.02,post-election
2025-01-21,82.11,post-election
2025-01-22,47.49,post-election
2025-01-23,52.21,post-election
2025-01-24,83.01,post-election
2025-01-25,61.85,post-election
2025-01-26,82.44,post-election
2025-01-27,68.32,post-election
2025-01-28,74.28,post-election
2025-01-29,78.13,post-election
2025-01-30,63.49,post-election
2025-01-31,71.95,post-election
2025-02-01,65.85,post-election
2025-02-02,98.16,post-election
2025-02-03,76.26,post-election
2025-02-04,79.73,post-election
2025-02-05,66.59,post-election
2025-02-06,67.58,post-election
2025-02-07,83.79,post-election
2025-02-08,66.61,post-election
2025-02-09,70.2,post-election
2025-02-10,73.77,post-election
2025-02-11,65.68,post-election
2025-02-12,89.59,post-election
2025-02-13,55.72,post-election
2025-02-14,90.11,post-election
2025-02-15,66.48,post-election
2025-02-16,83.57,post-election
2025-02-17,50.01,post-election
2025-02-18,79.56,post-election
2025-02-19,83.76,post-election
2025-02-20,57.29,post-election
2025-02-21,62.32,post-election
2025-02-22,71.94,post-election
2025-02-23,81.44,post-election
2025-02-24,62.34,post-election
2025-02-25,67.76,post-election
2025-02-26,85.71,post-election
2025-02-27,53.73,post-election
2025-02-28,79.48,post-election
2025-03-01,69.49,post-election
2025-03-02,58.94,post-election
2025-03-03,58.32,post-election
2025-03-04,77.83,post-election
2025-03-05,72.49,post-election
2025-03-06,84.25,post-election
2025-03-07,63.98,post-election
2025-03-08,52.86,post-election
2025-03-09,75.48,post-election
2025-03-10,63.91,post-election
2025-03-11,71.2,post-election
2025-03-12,87.19,post-election
2025-03-13,67.5,post-election
2025-03-14,85.5,post-election
2025-03-15,59.03,post-election
2025-03-16,79.26,post-election
2025-03-17,72.47,post-election
2025-03-18,62.63,post-election
2025-03-19,57.2,post-election
2025-03-20,75.77,post-election
2025-03-21,72.55,post-election
2025-03-22,72.77,post-election
2025-03-23,75.37,post-election
2025-03-24,65.4,post-election
2025-03-25,64.88,post-election
2025-03-26,72.37,post-election
2025-03-27,64.58,post-election
2025-03-28,82.19,post-election
2025-03-29,71.74,post-election
2025-03-30,63.85,post-election
2025-03-31,51.93,post-election
2025-04-01,63.56,post-election
2025-04-02,90.46,post-election
2025-04-03,64.39,post-election
2025-04-04,61.64,post-election
2025-04-05,76.53,post-election
2025-04-06,69.41,post-election
2025-04-07,77.52,post-election
2025-04-08,67.22,post-election
2025-04-09,81.23,post-election
2025-04-10,58.27,post-election
2025-04-11,69.51,post-election
2025-04-12,62.96,post-election
2025-04-13,76.81,post-election
2025-04-14,71.3,post-election
2025-04-15,81.1,post-election
2025-04-16,90.59,post-election
2025-04-17,71.41,post-election
2025-04-18,64.65,post-election
2025-04-19,61.76,post-election
2025-04-20,67.37,post-election
2025-04-21,69.3,post-election
2025-04-22,89.92,post-election
2025-04-23,58.71,post-election
2025-04-24,59.07,post-election
2025-04-25,65.92,post-election
2025-04-26,75.88,post-election
2025-04-27,78.21,post-election
2025-04-28,60.92,post-election
2025-04-29,71.27,post-election
2025-04-30,64.57,post-election
2025-05-01,81.95,post-election
2025-05-02,80.89,post-election
2025-05-03,66.88,post-election
2025-05-04,70.46,post-election
2025-05-05,81.53,post-election
2025-05-06,58.47,post-election
2025-05-07,66.9,post-election
2025-05-08,75.75,post-election
2025-05-09,64.77,post-election
2025-05-10,64.4,post-election
2025-05-11,69.79,post-election
2025-05-12,62.76,post-election
2025-05-13,60.06,post-election
2025-05-14,68,post-election
2025-05-15,66.53,post-election
2025-05-16,78.34,post-election
2025-05-17,85.3,post-election
2025-05-18,69.88,post-election
2025-05-19,73.99,post-election
2025-05-20,69.3,post-election
2025-05-21,76.01,post-election
2025-05-22,72.18,post-election
2025-05-23,72.37,post-election
2025-05-24,81.13,post-election
2025-05-25,60.13,post-election
2025-05-26,84.48,post-election
2025-05-27,73.49,post-election
2025-05-28,71.81,post-election
2025-05-29,64.4,post-election
2025-05-30,68.36,post-election
2025-05-31,73.74,post-election
2025-06-01,49.36,post-election
2025-06-02,63.98,post-election
2025-06-03,75.86,post-election
2025-06-04,67.06,post-election
2025-06-05,61.99,post-election
2025-06-06,63.64,post-election
2025-06-07,72.36,post-election
2025-06-08,53.65,post-election
2025-06-09,78.71,post-election
2025-06-10,48.31,post-election
2025-06-11,64.97,post-election
2025-06-12,62.13,post-election
2025-06-13,57.51,post-election
2025-06-14,59.22,post-election
2025-06-15,77.5,post-election
2025-06-16,68.8,post-election
2025-06-17,66.99,post-election
2025-06-18,46.79,post-election
2025-06-19,56.76,post-election
2025-06-20,68.69,post-election
2025-06-21,56.22,post-election
2025-06-22,62.03,post-election
2025-06-23,80.5,post-election
2025-06-24,71.76,post-election
2025-06-25,59.56,post-election
2025-06-26,65.31,post-election
2025-06-27,67.15,post-election
2025-06-28,63.2,post-election
2025-06-29,60.36,post-election
2025-06-30,69.48,post-election
2025-07-01,77.41,post-election
2025-07-02,72.27,post-election
2025-07-03,68,post-election
2025-07-04,73.88,post-election
2025-07-05,77.94,post-election
2025-07-06,68.59,post-election
2025-07-07,74.56,post-election
2025-07-08,58.54,post-election
2025-07-09,67.5,post-election
2025-07-10,65.8,post-election
2025-07-11,71.96,post-election
2025-07-12,68.57,post-election
2025-07-13,68.76,post-election
2025-07-14,62.34,post-election
2025-07-15,60.7,post-election
2025-07-16,72.79,post-election
2025-07-17,83.57,post-election
2025-07-18,62.13,post-election
2025-07-19,66.15,post-election
2025-07-20,73.31,post-election
2025-07-21,64.45,post-election
2025-07-22,71.22,post-election
2025-07-23,69.52,post-election
2025-07-24,62.24,post-election
2025-07-25,83.31,post-election
2025-07-26,78.46,post-election
2025-07-27,80.24,post-election
2025-07-28,82.68,post-election
2025-07-29,64.94,post-election
2025-07-30,65.36,post-election
2025-07-31,72.61,post-election
2025-08-01,76.3,post-election
2025-08-02,66.6,post-election
2025-08-03,65.77,post-election
2025-08-04,63.82,post-election
2025-08-05,84.82,post-election
2025-08-06,44.92,post-election
2025-08-07,68.32,post-election
2025-08-08,70.38,post-election
2025-08-09,59.4,post-election
2025-08-10,73.85,post-election
2025-08-11,50.33,post-election
2025-08-12,79.55,post-election
2025-08-13,53.37,post-election
2025-08-14,47.97,post-election
2025-08-15,62.36,post-election
2025-08-16,71.62,post-election
2025-08-17,63.48,post-election
2025-08-18,59.41,post-election
2025-08-19,73.33,post-election
2025-08-20,59.41,post-election
2025-08-21,69.14,post-election
2025-08-22,74.98,post-election
2025-08-23,86.34,post-election
2025-08-24,74.79,post-election
2025-08-25,92.15,post-election
2025-08-26,74.53,post-election
2025-08-27,69.97,post-election
2025-08-28,47.43,post-election
2025-08-29,57.75,post-election
2025-08-30,66.81,post-election
2025-08-31,77.12,post-election
2025-09-01,66.77,post-election
2025-09-02,75.44,post-election
2025-09-03,59.36,post-election
2025-09-04,67.26,post-election
2025-09-05,72.17,post-election
2025-09-06,66.41,post-election
2025-09-07,71.13,post-election
2025-09-08,63.29,post-election
2025-09-09,73.74,post-election
2025-09-10,69.19,post-election
2025-09-11,69.53,post-election
2025-09-12,50.51,post-election
2025-09-13,63.26,post-election
2025-09-14,55.1,post-election
2025-09-15,53.94,post-election
2025-09-16,65.06,post-election
2025-09-17,68.39,post-election
2025-09-18,77.84,post-election
2025-09-19,80.91,post-election
2025-09-20,74.44,post-election
2025-09-21,80.12,post-election
2025-09-22,64.74,post-election
2025-09-23,66.92,post-election
2025-09-24,80.85,post-election
2025-09-25,70.01,post-election
2025-09-26,53.2,post-election
2025-09-27,61.53,post-election
2025-09-28,80.08,post-election
2025-09-29,63.89,post-election
2025-09-30,73.33,post-election
2025-10-01,70.14,post-election
2025-10-02,65.04,post-election
2025-10-03,66.49,post-election
2025-10-04,68.92,post-election
2025-10-05,72.1,post-election
2025-10-06,82.35,post-election
2025-10-07,68,post-election
2025-10-08,60.77,post-election
2025-10-09,71.66,post-election
2025-10-10,77.05,post-election
2025-10-11,92.82,post-election
2025-10-12,65.36,post-election
2025-10-13,66.74,post-election
2025-10-14,78.82,post-election
2025-10-15,82.81,post-election
2025-10-16,63.41,post-election
2025-10-17,76.65,post-election
2025-10-18,64.35,post-election
2025-10-19,60.38,post-election
2025-10-20,76.23,post-election
2025-10-21,71.06,post-election
2025-10-22,78.89,post-election
2025-10-23,64.19,post-election
2025-10-24,87.95,post-election
2025-10-25,76.65,post-election
2025-10-26,66.26,post-election
2025-10-27,77.03,post-election
2025-10-28,62.85,post-election
2025-10-29,68.62,post-election
2025-10-30,79.03,post-election
2025-10-31,68.11,post-election
2025-11-01,74.1,post-election
2025-11-02,67.78,post-election
2025-11-03,47.02,post-election
2025-11-04,61.2,post-election
2025-11-05,72.23,post-election
2025-11-06,84.47,post-election
2025-11-07,64.07,post-election
2025-11-08,72.76,post-election
2025-11-09,60.35,post-election
2025-11-10,59.84,post-election
2025-11-11,67.23,post-election
2025-11-12,83.69,post-election
2025-11-13,79.4,post-election
2025-11-14,75.94,post-election
2025-11-15,81.15,post-election
2025-11-16,65.76,post-election
2025-11-17,82.6,post-election
2025-11-18,72.1,post-election
2025-11-19,59.51,post-election
2025-11-20,61.69,post-election
2025-11-21,70.5,post-election
2025-11-22,72.06,post-election
2025-11-23,66.79,post-election
2025-11-24,60.04,post-election
2025-11-25,49.09,post-election
2025-11-26,74.25,post-election
2025-11-27,67.05,post-election
2025-11-28,75.49,post-election
2025-11-29,54.54,post-election
2025-11-30,57.47,post-election
2025-12-01,68.89,post-election
2025-12-02,55.87,post-election
2025-12-03,50.17,post-election
2025-12-04,77.84,post-election
2025-12-05,79.01,post-election
2025-12-06,59.7,post-election
2025-12-07,67.28,post-election
2025-12-08,58.66,post-election
2025-12-09,73.16,post-election
2025-12-10,69.7,post-election
2025-12-11,61.31,post-election
2025-12-12,62.26,post-election
2025-12-13,59.38,post-election
2025-12-14,74.36,post-election
2025-12-15,75.71,post-election
2025-12-16,73.76,post-election
2025-12-17,61.57,post-election
2025-12-18,52.14,post-election
2025-12-19,70.31,post-election
2025-12-20,68.23,post-election
2025-12-21,69.61,post-election
2025-12-22,80.32,post-election
2025-12-23,61.06,post-election
2025-12-24,86.44,post-election
2025-12-25,65.87,post-election
2025-12-26,62.87,post-election
2025-12-27,67.94,post-election
2025-12-28,73.9,post-election
2025-12-29,67.93,post-election
2025-12-30,60.99,post-election
2025-12-31,67.18,post-election
2026-01-01,44.58,post-election
2026-01-02,64.91,post-election
2026-01-03,74.56,post-election
2026-01-04,68.31,post-election
2026-01-05,81.88,post-election
2026-01-06,74.86,post-election
2026-01-07,76.46,post-election
2026-01-08,76.56,post-election
2026-01-09,52.61,post-election
2026-01-10,70.04,post-election
2026-01-11,86.3,post-election
2026-01-12,65.2,post-election
2026-01-13,74.53,post-election
2026-01-14,71.43,post-election
2026-01-15,75.57,post-election
2026-01-16,67.28,post-election
2026-01-17,63.52,post-election
2026-01-18,70.72,post-election
2026-01-19,72.08,post-election
2026-01-20,68.15,post-election
2026-01-21,65.31,post-election
2026-01-22,74.11,post-election
2026-01-23,62.24,post-election
2026-01-24,81.4,post-election
2026-01-25,92.01,post-election
2026-01-26,84.77,post-election
2026-01-27,65.46,post-election
2026-01-28,51.77,post-election
2026-01-29,70.54,post-election
2026-01-30,78.8,post-election
2026-01-31,77.78,post-election
2026-02-01,57.7,post-election
2026-02-02,58.87,post-election
2026-02-03,71.34,post-election
2026-02-04,76.26,post-election
2026-02-05,78.73,post-election
2026-02-06,78.16,post-election
2026-02-07,60.32,post-election
2026-02-08,56.87,post-election
2026-02-09,49.87,post-election
2026-02-10,75.05,post-election
2026-02-11,78.28,post-election
2026-02-12,73.36,post-election
2026-02-13,59.41,post-election
2026-02-14,85.68,post-election
2026-02-15,66.3,post-election
2026-02-16,87.79,post-election
2026-02-17,75.51,post-election
2026-02-18,81.9,post-election
2026-02-19,73.31,post-election
2026-02-20,69.35,post-election
2026-02-21,59.87,post-election
2026-02-22,64.41,post-election
2026-02-23,69.53,post-election
2026-02-24,67.82,post-election
2026-02-25,69.67,post-election
2026-02-26,68.22,post-election
2026-02-27,71.83,post-election
2026-02-28,64.76,post-election
2026-03-01,64.64,post-election
2026-03-02,55.44,post-election
2026-03-03,78.46,post-election
2026-03-04,70.47,post-election
2026-03-05,69.16,post-election
2026-03-06,62.59,post-election
2026-03-07,67.52,post-election
2026-03-08,59.13,post-election
2026-03-09,64.51,post-election
2026-03-10,50.81,post-election
2026-03-11,79.82,post-election
2026-03-12,71.26,post-election
2026-03-13,58.83,post-election
2026-03-14,81.64,post-election
2026-03-15,76.25,post-election
2026-03-16,77.42,post-election
2026-03-17,67.74,post-election
2026-03-18,65.77,post-election
2026-03-19,69.02,post-election
2026-03-20,74.05,post-election
2026-03-21,78,post-election
2026-03-22,85.89,post-election
2026-03-23,64.91,post-election
2026-03-24,54.84,post-election
2026-03-25,71.01,post-election
2026-03-26,100.22,post-election
2026-03-27,65.71,post-election
2026-03-28,81.46,post-election
2026-03-29,67.57,post-election
2026-03-30,65.21,post-election
2026-03-31,62.9,post-election
2026-04-01,67.89,post-election
2026-04-02,86.42,post-election
2026-04-03,73.02,post-election
2026-04-04,79.87,post-election
2026-04-05,78.39,post-election
2026-04-06,90.72,post-election
2026-04-07,77.76,post-election
2026-04-08,55.73,post-election
2026-04-09,59.66,post-election
2026-04-10,54.11,post-election
2026-04-11,41.51,post-election
2026-04-12,82.91,post-election
2026-04-13,65.06,post-election
2026-04-14,73.95,post-election
2026-04-15,81.82,post-election
2026-04-16,64.88,post-election
2026-04-17,68.65,post-election
2026-04-18,73.5,post-election
2026-04-19,72.26,post-election
2026-04-20,62.26,post-election
2026-04-21,77.31,post-election
2026-04-22,75.46,post-election
2026-04-23,67.12,post-election
2026-04-24,57.78,post-election
2026-04-25,76.33,post-election
2026-04-26,84.28,post-election
2026-04-27,83.81,post-election
2026-04-28,78.73,post-election
2026-04-29,65.17,post-election
2026-04-30,64.69,post-election
2026-05-01,64.12,post-election
2026-05-02,60.88,post-election
2026-05-03,77.09,post-election
2026-05-04,72.56,post-election
2026-05-05,51.44,post-election
2026-05-06,51.39,post-election
2026-05-07,69.77,post-election
2026-05-08,71.5,post-election
2026-05-09,46.93,post-election
2026-05-10,56.84,post-election
2026-05-11,65.28,post-election
2026-05-12,84.62,post-election
2026-05-13,49.87,post-election
2026-05-14,57.45,post-election
2026-05-15,59.2,post-election
2026-05-16,66.75,post-election
2026-05-17,73.31,post-election
2026-05-18,61.79,post-election
2026-05-19,53.88,post-election
2026-05-20,63.69,post-election
2026-05-21,69.4,post-election
2026-05-22,67.97,post-election
2026-05-23,86.23,post-election
2026-05-24,63.23,post-election
2026-05-25,70.76,post-election
2026-05-26,62.95,post-election
2026-05-27,57.6,post-election
2026-05-28,76.36,post-election
2026-05-29,59.49,post-election
2026-05-30,97.35,post-election
2026-05-31,70.93,post-election
2026-06-01,70.6,post-election
2026-06-02,69.33,post-election
2026-06-03,88.44,post-election
2026-06-04,76.64,post-election
2026-06-05,67.49,post-election
2026-06-06,58.34,post-election
2026-06-07,59.61,post-election
2026-06-08,62.15,post-election
2026-06-09,82.15,post-election
2026-06-10,68.11,post-election
2026-06-11,67.43,post-election
2026-06-12,77.92,post-election
2026-06-13,78.45,post-election
2026-06-14,63.05,post-election
2026-06-15,65.55,post-election
2026-06-16,73.45,post-election
2026-06-17,69.95,post-election
2026-06-18,74.06,post-election
2026-06-19,92.14,post-election
2026-06-20,69.4,post-election
2026-06-21,67.19,post-election
2026-06-22,74.85,post-election
2026-06-23,69.51,post-election
2026-06-24,76.28,post-election
2026-06-25,67.76,post-election
2026-06-26,79.44,post-election
2026-06-27,59.36,post-election
2026-06-28,70.14,post-election
2026-06-29,59.84,post-election
2026-06-30,58.09,post-election
2026-07-01,65.87,post-election
2026-07-02,73.72,post-election
2026-07-03,70.92,post-election
2026-07-04,71.93,post-election
2026-07-05,79.41,post-election
2026-07-06,78.28,post-election
2026-07-07,66.76,post-election
2026-07-08,56.72,post-election
2026-07-09,67.2,post-election
2026-07-10,81.7,post-election
2026-07-11,68.79,post-election
2026-07-12,53.63,post-election
2026-07-13,69.91,post-election
2026-07-14,67.82,post-election
2026-07-15,65.99,post-election
2026-07-16,71.73,post-election
2026-07-17,83.69,post-election
2026-07-18,82.99,post-election
2026-07-19,60.44,post-election
2026-07-20,70.11,post-election
2026-07-21,55.46,post-election
2026-07-22,62.72,post-election
2026-07-23,90.08,post-election
2026-07-24,84.98,post-election
2026-07-25,67.71,post-election
2026-07-26,63.08,post-election
2026-07-27,61.33,post-election
2026-07-28,91.26,post-election
2026-07-29,71.15,post-election
2026-07-30,59.06,post-election
2026-07-31,80.78,post-election
2026-08-01,59,post-election
2026-08-02,77.27,post-election
2026-08-03,84.41,post-election
2026-08-04,67.9,post-election
2026-08-05,84.51,post-election
2026-08-06,76.42,post-election
2026-08-07,63.21,post-election
2026-08-08,75.74,post-election
2026-08-09,62.95,post-election
2026-08-10,64.66,post-election
2026-08-11,77.74,post-election
2026-08-12,65.24,post-election
2026-08-13,69.76,post-election
2026-08-14,80.19,post-election
2026-08-15,62.94,post-election
2026-08-16,85.95,post-election
2026-08-17,90.42,post-election
2026-08-18,76.14,post-election
2026-08-19,74.22,post-election
2026-08-20,65.04,post-election
2026-08-21,74.91,post-election
2026-08-22,64.98,post-election
2026-08-23,72.88,post-election
2026-08-24,63.13,post-election
2026-08-25,77.88,post-election
2026-08-26,76.91,post-election
2026-08-27,82.43,post-election
2026-08-28,89.82,post-election
2026-08-29,63.54,post-election
2026-08-30,79.66,post-election
2026-08-31,55.73,post-election
2026-09-01,65.43,post-election
2026-09-02,79.45,post-election
2026-09-03,62.62,post-election
2026-09-04,73.46,post-election
2026-09-05,61,post-election
2026-09-06,66.3,post-election
2026-09-07,69.59,post-election
2026-09-08,63.88,post-election
2026-09-09,50.54,post-election
2026-09-10,72.43,post-election
2026-09-11,69.75,post-election
2026-09-12,71.37,post-election
2026-09-13,65.11,post-election
2026-09-14,79,post-election
2026-09-15,80.78,post-election
2026-09-16,46.26,post-election
2026-09-17,81.25,post-election
2026-09-18,52.2,post-election
2026-09-19,66.55,post-election
2026-09-20,58.91,post-election
2026-09-21,58.7,post-election
2026-09-22,88.17,post-election
2026-09-23,80.35,post-election
2026-09-24,74.94,post-election
2026-09-25,49.22,post-election
2026-09-26,71.96,post-election
2026-09-27,76.29,post-election
2026-09-28,78.61,post-election
2026-09-29,60.27,post-election
2026-09-30,79.38,post-election
2026-10-01,56.05,post-election
2026-10-02,92.39,post-election
2026-10-03,62.01,post-election
2026-10-04,77.65,post-election
2026-10-05,73.18,post-election
2026-10-06,59.36,post-election
2026-10-07,81.44,post-election
2026-10-08,70.33,post-election
2026-10-09,78.18,post-election
2026-10-10,77.18,post-election
2026-10-11,73.68,post-election
2026-10-12,65.22,post-election
2026-10-13,81.15,post-election
2026-10-14,66.48,post-election
2026-10-15,75.27,post-election
2026-10-16,73.79,post-election
2026-10-17,78.44,post-election
2026-10-18,63.79,post-election
2026-10-19,71.78,post-election
2026-10-20,64.2,post-election
2026-10-21,84.09,post-election
2026-10-22,63.63,post-election
2026-10-23,87.32,post-election
2026-10-24,77.9,post-election
2026-10-25,69.86,post-election
2026-10-26,82.06,post-election
2026-10-27,69.15,post-election
2026-10-28,75.63,post-election
2026-10-29,75.28,post-election
2026-10-30,74.23,post-election
2026-10-31,64.03,post-election
2026-11-01,57.49,post-election
2026-11-02,53.18,post-election
2026-11-03,65.44,post-election
2026-11-04,76.83,post-election
2026-11-05,67.61,post-election
2026-11-06,57.97,post-election
2026-11-07,91.56,post-election
2026-11-08,77.02,post-election
2026-11-09,89.47,post-election
2026-11-10,82.13,post-election
2026-11-11,63.89,post-election
2026-11-12,65.88,post-election
2026-11-13,55.59,post-election
2026-11-14,77.4,post-election
2026-11-15,86.24,post-election
2026-11-16,60.8,post-election
2026-11-17,57.98,post-election
2026-11-18,83.83,post-election
2026-11-19,54.84,post-election
2026-11-20,84.22,post-election
2026-11-21,75.72,post-election
2026-11-22,52.85,post-election
2026-11-23,73.55,post-election
2026-11-24,71.05,post-election
2026-11-25,50.32,post-election
2026-11-26,74.58,post-election
2026-11-27,64.13,post-election
2026-11-28,61.13,post-election
2026-11-29,67.39,post-election
2026-11-30,78.51,post-election
2026-12-01,87.27,post-election
2026-12-02,43.67,post-election
2026-12-03,77.44,post-election
2026-12-04,60.48,post-election
2026-12-05,81.56,post-election
2026-12-06,73.46,post-election
2026-12-07,84.45,post-election
2026-12-08,55.17,post-election
2026-12-09,79.95,post-election
2026-12-10,72.95,post-election
2026-12-11,85.48,post-election
2026-12-12,67.69,post-election
2026-12-13,81.44,post-election
2026-12-14,65.55,post-election
2026-12-15,65.71,post-election
2026-12-16,70.25,post-election
2026-12-17,59.31,post-election
2026-12-18,65.43,post-election
2026-12-19,76.1,post-election
2026-12-20,86.52,post-election
2026-12-21,81.14,post-election
2026-12-22,65.75,post-election
2026-12-23,73.18,post-election
2026-12-24,70.98,post-election
2026-12-25,57.41,post-election
2026-12-26,72.57,post-election
2026-12-27,61.76,post-election
2026-12-28,59.39,post-election
2026-12-29,77.26,post-election
2026-12-30,67.92,post-election
2026-12-31,68.56,post-election
2027-01-01,60.26,post-election
2027-01-02,70.56,post-election
2027-01-03,74.92,post-election
2027-01-04,80.03,post-election
2027-01-05,59.25,post-election
2027-01-06,77.58,post-election
2027-01-07,84.93,post-election
2027-01-08,73.73,post-election
2027-01-09,71.57,post-election
2027-01-10,70.77,post-election
2027-01-11,72.58,post-election
2027-01-12,73.76,post-election
2027-01-13,71.37,post-election
2027-01-14,76.54,post-election
2027-01-15,66.64,post-election
2027-01-16,81.29,post-election
2027-01-17,69.62,post-election
2027-01-18,52.44,post-election
2027-01-19,69,post-election
2027-01-20,74.47,post-election
2027-01-21,82.3,post-election
2027-01-22,70.6,post-election
2027-01-23,50.6,post-election
2027-01-24,65.05,post-election
2027-01-25,58.01,post-election
2027-01-26,60.24,post-election
2027-01-27,59.74,post-election
2027-01-28,62.01,post-election
2027-01-29,81.37,post-election
2027-01-30,61.68,post-election
2027-01-31,65.61,post-election
2027-02-01,71.84,post-election
2027-02-02,78.9,post-election
2027-02-03,63.33,post-election
2027-02-04,61.74,post-election
2027-02-05,64.81,post-election
2027-02-06,58.28,post-election
2027-02-07,79.2,post-election
2027-02-08,48.18,post-election
2027-02-09,64.72,post-election
2027-02-10,55.59,post-election
2027-02-11,50.43,post-election
2027-02-12,65.29,post-election
2027-02-13,85.38,post-election
2027-02-14,86.35,post-election
2027-02-15,64.37,post-election
2027-02-16,63.03,post-election
2027-02-17,64.62,post-election
2027-02-18,77.1,post-election
2027-02-19,44.38,post-election
2027-02-20,72.48,post-election
2027-02-21,70.94,post-election
2027-02-22,57.56,post-election
2027-02-23,49.94,post-election
2027-02-24,67.94,post-election
2027-02-25,53.51,post-election
2027-02-26,69.85,post-election
2027-02-27,66.05,post-election
2027-02-28,70.46,post-election
2027-03-01,74.61,post-election
2027-03-02,64.96,post-election
2027-03-03,59.78,post-election
2027-03-04,63.88,post-election
2027-03-05,63.33,post-election
2027-03-06,55.07,post-election
2027-03-07,62.19,post-election
2027-03-08,68.07,post-election
2027-03-09,67.79,post-election
2027-03-10,73.3,post-election
2027-03-11,82.92,post-election
2027-03-12,73.34,post-election
2027-03-13,84.76,post-election
2027-03-14,63.52,post-election
2027-03-15,83.51,post-election
2027-03-16,75.93,post-election
2027-03-17,58.08,post-election
2027-03-18,74.02,post-election
2027-03-19,57.62,post-election
2027-03-20,79.47,post-election
2027-03-21,64.6,post-election
2027-03-22,72.64,post-election
2027-03-23,63.2,post-election
2027-03-24,61.48,post-election
2027-03-25,87.02,post-election
2027-03-26,79.92,post-election
2027-03-27,76.75,post-election
2027-03-28,70.74,post-election
2027-03-29,77.36,post-election
2027-03-30,76.62,post-election
2027-03-31,86.04,post-election
2027-04-01,78.5,post-election
2027-04-02,67.94,post-election
2027-04-03,67.85,post-election
2027-04-04,65.32,post-election
2027-04-05,66.36,post-election
2027-04-06,67.63,post-election
2027-04-07,82.23,post-election
2027-04-08,46.72,post-election
2027-04-09,62.98,post-election
2027-04-10,68.67,post-election
2027-04-11,57.17,post-election
2027-04-12,86.19,post-election
2027-04-13,67.66,post-election
2027-04-14,58.83,post-election
2027-04-15,61.08,post-election
2027-04-16,78.72,post-election
2027-04-17,88.69,post-election
2027-04-18,68.76,post-election
2027-04-19,71.07,post-election
2027-04-20,60.51,post-election
2027-04-21,83.17,post-election
2027-04-22,72.23,post-election
2027-04-23,46.71,post-election
2027-04-24,63.55,post-election
2027-04-25,67.66,post-election
2027-04-26,58.92,post-election
2027-04-27,67.27,post-election
2027-04-28,58.67,post-election
2027-04-29,73.59,post-election
2027-04-30,73.36,post-election
2027-05-01,78.11,post-election
2027-05-02,74.16,post-election
2027-05-03,85.94,post-election
2027-05-04,71.14,post-election
2027-05-05,48.47,post-election
2027-05-06,70.26,post-election
2027-05-07,76.5,post-election
2027-05-08,65.99,post-election
2027-05-09,84.01,post-election
2027-05-10,80.95,post-election
2027-05-11,75.37,post-election
2027-05-12,70.7,post-election
2027-05-13,64.48,post-election
2027-05-14,68.23,post-election
2027-05-15,74.69,post-election
2027-05-16,84.68,post-election
2027-05-17,62.04,post-election
2027-05-18,62.72,post-election
2027-05-19,94.76,post-election
2027-05-20,75.19,post-election
2027-05-21,60.96,post-election
2027-05-22,79.31,post-election
2027-05-23,70.62,post-election
2027-05-24,78.27,post-election
2027-05-25,75.52,post-election
2027-05-26,69.42,post-election
2027-05-27,70.91,post-election
2027-05-28,74.13,post-election
2027-05-29,63.9,post-election
2027-05-30,63.45,post-election
2027-05-31,68.15,post-election
2027-06-01,71.71,post-election
2027-06-02,66.83,post-election
2027-06-03,78.17,post-election
2027-06-04,58.98,post-election
2027-06-05,55.69,post-election
2027-06-06,88.92,post-election
2027-06-07,73.98,post-election
2027-06-08,66.03,post-election
2027-06-09,67.2,post-election
2027-06-10,77.85,post-election
2027-06-11,67.9,post-election
2027-06-12,71.92,post-election
2027-06-13,62.35,post-election
2027-06-14,64.99,post-election
2027-06-15,76.02,post-election
2027-06-16,71.41,post-election
2027-06-17,83.02,post-election
2027-06-18,58.75,post-election
2027-06-19,68.65,post-election
2027-06-20,67.91,post-election
2027-06-21,59.25,post-election
2027-06-22,79.98,post-election
2027-06-23,68.93,post-election
2027-06-24,56.14,post-election
2027-06-25,64.08,post-election
2027-06-26,63.95,post-election
2027-06-27,80.39,post-election
2027-06-28,95.43,post-election
2027-06-29,58.26,post-election
2027-06-30,69.08,post-election
2027-07-01,67.8,post-election
2027-07-02,97.09,post-election
2027-07-03,46.71,post-election
2027-07-04,64.86,post-election
2027-07-05,57.97,post-election
2027-07-06,67.72,post-election
2027-07-07,67.24,post-election
2027-07-08,62.7,post-election
2027-07-09,88.34,post-election
2027-07-10,72.57,post-election
2027-07-11,93.94,post-election
2027-07-12,78.24,post-election
2027-07-13,57.35,post-election
2027-07-14,62.47,post-election
2027-07-15,72.73,post-election
2027-07-16,64.22,post-election
2027-07-17,73.54,post-election
2027-07-18,77.33,post-election
2027-07-19,74.21,post-election
2027-07-20,68.65,post-election
2027-07-21,63.56,post-election
2027-07-22,57.11,post-election
2027-07-23,73.41,post-election
2027-07-24,79.22,post-election
2027-07-25,69.2,post-election
2027-07-26,77.54,post-election
2027-07-27,92.28,post-election
2027-07-28,89.34,post-election
2027-07-29,65.05,post-election
2027-07-30,75.47,post-election
2027-07-31,62.98,post-election
2027-08-01,76.9,post-election
2027-08-02,69.42,post-election
2027-08-03,72.78,post-election
2027-08-04,61.41,post-election
2027-08-05,82.05,post-election
2027-08-06,64.16,post-election
2027-08-07,65.54,post-election
2027-08-08,69.23,post-election
2027-08-09,70.76,post-election
2027-08-10,86.37,post-election
2027-08-11,58.89,post-election
2027-08-12,94.59,post-election
2027-08-13,62.27,post-election
2027-08-14,71.75,post-election
2027-08-15,49.42,post-election
2027-08-16,63.46,post-election
2027-08-17,77.32,post-election
2027-08-18,75.05,post-election
2027-08-19,74.11,post-election
2027-08-20,65.33,post-election
2027-08-21,51.56,post-election
2027-08-22,59.27,post-election
2027-08-23,67.7,post-election
2027-08-24,76.22,post-election
2027-08-25,78.37,post-election
2027-08-26,66.97,post-election
2027-08-27,68.48,post-election
2027-08-28,68.37,post-election
2027-08-29,70.58,post-election
2027-08-30,85.37,post-election
2027-08-31,62.73,post-election
2027-09-01,67.95,post-election
2027-09-02,75.79,post-election
2027-09-03,56.62,post-election
2027-09-04,60.79,post-election
2027-09-05,72,post-election
2027-09-06,74.27,post-election
2027-09-07,81.4,post-election
2027-09-08,65.34,post-election
2027-09-09,84.54,post-election
2027-09-10,61.35,post-election
2027-09-11,54.04,post-election
2027-09-12,50.54,post-election
2027-09-13,81.04,post-election
2027-09-14,73.05,post-election
2027-09-15,68.7,post-election
2027-09-16,67.06,post-election
2027-09-17,85.86,post-election
2027-09-18,82.01,post-election
2027-09-19,59.96,post-election
2027-09-20,56.09,post-election
2027-09-21,80.85,post-election
2027-09-22,75.61,post-election
2027-09-23,64.89,post-election
2027-09-24,73.96,post-election
2027-09-25,49.77,post-election
2027-09-26,68.35,post-election
2027-09-27,74.35,post-election
2027-09-28,69.27,post-election
2027-09-29,57.18,post-election
2027-09-30,80.15,post-election
2027-10-01,81.63,post-election
2027-10-02,60.6,post-election
2027-10-03,68.15,post-election
2027-10-04,77.31,post-election
2027-10-05,78.64,post-election
2027-10-06,64.71,post-election
2027-10-07,61.21,post-election
2027-10-08,73.45,post-election
2027-10-09,50.84,post-election
2027-10-10,65.5,post-election
2027-10-11,77.74,post-election
2027-10-12,52.96,post-election
2027-10-13,57.99,post-election
2027-10-14,67.59,post-election
2027-10-15,71.98,post-election
2027-10-16,52.46,post-election
2027-10-17,75.09,post-election
2027-10-18,59.79,post-election
2027-10-19,68.42,post-election
2027-10-20,73.03,post-election
2027-10-21,76.97,post-election
2027-10-22,69.34,post-election
2027-10-23,68.66,post-election
2027-10-24,86.55,post-election
2027-10-25,73.72,post-election
2027-10-26,76.24,post-election
2027-10-27,74.75,post-election
2027-10-28,75.72,post-election
2027-10-29,83.36,post-election
2027-10-30,69.43,post-election
2027-10-31,72.43,post-election
2027-11-01,89.7,post-election
2027-11-02,64.7,post-election
2027-11-03,82.91,post-election
2027-11-04,63.93,post-election
2027-11-05,87.1,post-election
2027-11-06,63.34,post-election
2027-11-07,61.86,post-election
2027-11-08,80.36,post-election
2027-11-09,79.65,post-election
2027-11-10,75.52,post-election
2027-11-11,72.73,post-election
2027-11-12,72.42,post-election
2027-11-13,95.55,post-election
2027-11-14,55.67,post-election
2027-11-15,60.14,post-election
2027-11-16,57.21,post-election
2027-11-17,79.61,post-election
2027-11-18,72.54,post-election
2027-11-19,68.7,post-election
2027-11-20,92.83,post-election
2027-11-21,64.21,post-election
2027-11-22,90.23,post-election
2027-11-23,55.91,post-election
2027-11-24,83.18,post-election
2027-11-25,73.23,post-election
2027-11-26,66.11,post-election
2027-11-27,68.27,post-election
2027-11-28,83.39,post-election
2027-11-29,87.04,post-election
2027-11-30,53.22,post-election
2027-12-01,109.21,post-election
2027-12-02,95.78,post-election
2027-12-03,64.75,post-election
2027-12-04,69.36,post-election
2027-12-05,63.36,post-election
2027-12-06,69.07,post-election
2027-12-07,77.4,post-election
2027-12-08,71.03,post-election
2027-12-09,71.92,post-election
2027-12-10,84.79,post-election
2027-12-11,47.96,post-election
2027-12-12,65.09,post-election
2027-12-13,71.44,post-election
2027-12-14,62.17,post-election
2027-12-15,80.61,post-election
2027-12-16,65.54,post-election
2027-12-17,65.71,post-election
2027-12-18,81.89,post-election
2027-12-19,78.34,post-election
2027-12-20,68.5,post-election
2027-12-21,66.72,post-election
2027-12-22,55.52,post-election
2027-12-23,63.03,post-election
2027-12-24,95.98,post-election
2027-12-25,69.63,post-election
2027-12-26,79.13,post-election
2027-12-27,68.15,post-election
2027-12-28,76.1,post-election
2027-12-29,69.47,post-election
2027-12-30,83.64,post-election
2027-12-31,64.96,post-election
2028-01-01,52.91,post-election
2028-01-02,78.99,post-election
2028-01-03,67.62,post-election
2028-01-04,84.63,post-election
2028-01-05,66.24,post-election
2028-01-06,84.54,post-election
2028-01-07,73.5,post-election
2028-01-08,66.51,post-election
2028-01-09,77.26,post-election
2028-01-10,65.41,post-election
2028-01-11,86.85,post-election
2028-01-12,71.47,post-election
2028-01-13,49.7,post-election
2028-01-14,65.28,post-election
2028-01-15,53.68,post-election
2028-01-16,48.22,post-election
2028-01-17,70.59,post-election
2028-01-18,76.48,post-election
2028-01-19,62.39,post-election
2028-01-20,56.71,post-election
2028-01-21,63.98,post-election
2028-01-22,54.49,post-election
2028-01-23,77.03,post-election
2028-01-24,75.75,post-election
2028-01-25,54.05,post-election
2028-01-26,63.76,post-election
2028-01-27,80.47,post-election
2028-01-28,68.32,post-election
2028-01-29,70.1,post-election
2028-01-30,74.17,post-election
2028-01-31,76.27,post-election
2028-02-01,82.06,post-election
2028-02-02,77.73,post-election
2028-02-03,56.22,post-election
2028-02-04,66.38,post-election
2028-02-05,68.02,post-election
2028-02-06,68.91,post-election
2028-02-07,48.21,post-election
2028-02-08,62.42,post-election
2028-02-09,80.15,post-election
2028-02-10,71.58,post-election
2028-02-11,60.27,post-election
2028-02-12,72.16,post-election
2028-02-13,68.41,post-election
2028-02-14,76.72,post-election
2028-02-15,91.07,post-election
2028-02-16,54.84,post-election
2028-02-17,64.95,post-election
2028-02-18,68.61,post-election
2028-02-19,48.64,post-election
2028-02-20,69.69,post-election
2028-02-21,64.07,post-election
2028-02-22,92.36,post-election
2028-02-23,40.82,post-election
2028-02-24,84.88,post-election
2028-02-25,80.08,post-election
2028-02-26,77.35,post-election
2028-02-27,71.47,post-election
2028-02-28,62.89,post-election
2028-02-29,81.06,post-election
2028-03-01,61.14,post-election
2028-03-02,76.95,post-election
2028-03-03,74.03,post-election
2028-03-04,80.76,post-election
2028-03-05,69.03,post-election
2028-03-06,59.19,post-election
2028-03-07,73.02,post-election
2028-03-08,73.06,post-election
2028-03-09,83.74,post-election
2028-03-10,74.85,post-election
2028-03-11,76.45,post-election
2028-03-12,78.43,post-election
2028-03-13,64.56,post-election
2028-03-14,75.93,post-election
2028-03-15,59.77,post-election
2028-03-16,73.38,post-election
2028-03-17,52.93,post-election
2028-03-18,72.46,post-election
2028-03-19,54.32,post-election
2028-03-20,67.69,post-election
2028-03-21,52.43,post-election
2028-03-22,63.6,post-election
2028-03-23,62.24,post-election
2028-03-24,80.55,post-election
2028-03-25,64.18,post-election
2028-03-26,62.31,post-election
2028-03-27,82.22,post-election
2028-03-28,86.69,post-election
2028-03-29,80.93,post-election
2028-03-30,55.09,post-election
2028-03-31,82.77,post-election
2028-04-01,52.71,post-election
2028-04-02,69.28,post-election
2028-04-03,77.34,post-election
2028-04-04,67.86,post-election
2028-04-05,63.5,post-election
2028-04-06,71.25,post-election
2028-04-07,74.28,post-election
2028-04-08,74.11,post-election
2028-04-09,52.74,post-election
2028-04-10,68.24,post-election
2028-04-11,72.87,post-election
2028-04-12,75.91,post-election
2028-04-13,66.83,post-election
2028-04-14,62.97,post-election
2028-04-15,56.32,post-election
2028-04-16,62.71,post-election
2028-04-17,68.78,post-election
2028-04-18,63.65,post-election
2028-04-19,75.95,post-election
2028-04-20,73.68,post-election
2028-04-21,53.91,post-election
2028-04-22,73.17,post-election
2028-04-23,80.42,post-election
2028-04-24,67.39,post-election
2028-04-25,69.74,post-election
2028-04-26,65.68,post-election
2028-04-27,67.07,post-election
2028-04-28,59.93,post-election
2028-04-29,74.25,post-election
2028-04-30,57.75,post-election
2028-05-01,64.1,post-election
2028-05-02,60.86,post-election
2028-05-03,56.29,post-election
2028-05-04,66.31,post-election
2028-05-05,65.15,post-election
2028-05-06,63,post-election
2028-05-07,67.47,post-election
2028-05-08,54.15,post-election
2028-05-09,71.11,post-election
2028-05-10,76.32,post-election
2028-05-11,57.17,post-election
2028-05-12,55.87,post-election
2028-05-13,92.32,post-election
2028-05-14,72.4,post-election
2028-05-15,70.53,post-election
2028-05-16,68.01,post-election
2028-05-17,74.93,post-election
2028-05-18,75.37,post-election
2028-05-19,64.54,post-election
2028-05-20,65.68,post-election
2028-05-21,66.56,post-election
2028-05-22,66.8,post-election
2028-05-23,62.48,post-election
2028-05-24,80.74,post-election
2028-05-25,70.94,post-election
2028-05-26,62.27,post-election
2028-05-27,75.91,post-election
2028-05-28,73.5,post-election
2028-05-29,68.62,post-election
2028-05-30,74.01,post-election
2028-05-31,60.94,post-election
2028-06-01,68.01,post-election
2028-06-02,60.01,post-election
2028-06-03,58.16,post-election
2028-06-04,66.69,post-election
2028-06-05,66.68,post-election
2028-06-06,65.87,post-election
2028-06-07,68.25,post-election
2028-06-08,51.7,post-election
2028-06-09,65.53,post-election
2028-06-10,81.71,post-election
2028-06-11,58.49,post-election
2028-06-12,58.07,post-election
2028-06-13,67.8,post-election
2028-06-14,75.35,post-election
2028-06-15,82.36,post-election
2028-06-16,96.54,post-election
2028-06-17,78.01,post-election
2028-06-18,76.71,post-election
2028-06-19,90.28,post-election
2028-06-20,66.99,post-election
2028-06-21,67.87,post-election
2028-06-22,72.53,post-election
2028-06-23,60.8,post-election
2028-06-24,51.65,post-election
2028-06-25,88.07,post-election
2028-06-26,64.25,post-election
2028-06-27,65.42,post-election
2028-06-28,60.07,post-election
2028-06-29,71.44,post-election
2028-06-30,75.91,post-election
2028-07-01,67.71,post-election
2028-07-02,70.15,post-election
2028-07-03,79.51,post-election
2028-07-04,69.89,post-election
2028-07-05,64.39,post-election
2028-07-06,69.39,post-election
2028-07-07,61.58,post-election
2028-07-08,71.02,post-election
2028-07-09,61.02,post-election
2028-07-10,88.94,post-election
2028-07-11,45.13,post-election
2028-07-12,74.01,post-election
2028-07-13,65.12,post-election
2028-07-14,89.87,post-election
2028-07-15,62.66,post-election
2028-07-16,74.82,post-election
2028-07-17,73.87,post-election
2028-07-18,72.48,post-election
2028-07-19,75.18,post-election
2028-07-20,89.97,post-election
2028-07-21,79.28,post-election
2028-07-22,71.96,post-election
2028-07-23,82.9,post-election
2028-07-24,75.83,post-election
2028-07-25,76.5,post-election
2028-07-26,82.45,post-election
2028-07-27,71.61,post-election
2028-07-28,77.25,post-election
2028-07-29,67.26,post-election
2028-07-30,71.25,post-election
2028-07-31,70.4,post-election
2028-08-01,63.6,post-election
2028-08-02,90.35,post-election
2028-08-03,64.41,post-election
2028-08-04,66.44,post-election
2028-08-05,83.24,post-election
2028-08-06,69.79,post-election
2028-08-07,76.68,post-election
2028-08-08,63.93,post-election
2028-08-09,69.87,post-election
2028-08-10,67.49,post-election
2028-08-11,60.31,post-election
2028-08-12,66.97,post-election
2028-08-13,63.45,post-election
2028-08-14,78.57,post-election
2028-08-15,67.09,post-election
2028-08-16,69.17,post-election
2028-08-17,61.72,post-election
2028-08-18,72.15,post-election
2028-08-19,53.88,post-election
2028-08-20,40.5,post-election
2028-08-21,88.8,post-election
2028-08-22,77.57,post-election
2028-08-23,76.35,post-election
2028-08-24,47.63,post-election
2028-08-25,76.77,post-election
2028-08-26,75.2,post-election
2028-08-27,69.22,post-election
2028-08-28,78.25,post-election
2028-08-29,81.21,post-election
2028-08-30,68.78,post-election
2028-08-31,89.45,post-election
2028-09-01,79.88,post-election
2028-09-02,82.24,post-election
2028-09-03,66.85,post-election
2028-09-04,68.69,post-election
2028-09-05,60.77,post-election
2028-09-06,74.07,post-election
2028-09-07,72.64,post-election
2028-09-08,70.91,post-election
2028-09-09,63.19,post-election
2028-09-10,67.68,post-election
2028-09-11,89.85,post-election
2028-09-12,60.71,post-election
2028-09-13,65.94,post-election
2028-09-14,55.97,post-election
2028-09-15,57.59,post-election
2028-09-16,67.13,post-election
2028-09-17,66.09,post-election
2028-09-18,63.83,post-election
2028-09-19,62.26,post-election
2028-09-20,63.03,post-election
2028-09-21,81.34,post-election
2028-09-22,66.42,post-election
2028-09-23,57.17,post-election
2028-09-24,54.31,post-election
2028-09-25,49.96,post-election
2028-09-26,52.89,post-election
2028-09-27,62.53,post-election
2028-09-28,60.24,post-election
2028-09-29,53.51,post-election
2028-09-30,89.89,post-election
2028-10-01,87.51,post-election
2028-10-02,95.64,post-election
2028-10-03,72.76,post-election
2028-10-04,73.39,post-election
2028-10-05,59.57,post-election
2028-10-06,53.99,post-election
2028-10-07,65.03,post-election
2028-10-08,82.81,post-election
2028-10-09,76.66,post-election
2028-10-10,78.9,post-election
2028-10-11,68.13,post-election
2028-10-12,54.46,post-election
2028-10-13,73.26,post-election
2028-10-14,67.85,post-election
2028-10-15,66.96,post-election
2028-10-16,91.84,post-election
2028-10-17,78.7,post-election
2028-10-18,67.72,post-election
2028-10-19,50.97,post-election
2028-10-20,67.13,post-election
2028-10-21,79.9,post-election
2028-10-22,73.73,post-election
2028-10-23,72.72,post-election
2028-10-24,80.45,post-election
2028-10-25,68.31,post-election
2028-10-26,66.54,post-election
2028-10-27,67.46,post-election
2028-10-28,82.35,post-election
2028-10-29,67.31,post-election
2028-10-30,77.6,post-election
2028-10-31,57.72,post-election
2028-11-01,57.29,post-election
2028-11-02,71.27,post-election
2028-11-03,77.6,post-election
2028-11-04,65.92,post-election
2028-11-05,64.23,post-election
2028-11-06,41.61,post-election
2028-11-07,73.74,post-election
2028-11-08,60.97,post-election
2028-11-09,74.03,post-election
2028-11-10,84.27,post-election
2028-11-11,65.04,post-election
2028-11-12,76.97,post-election
2028-11-13,68.47,post-election
2028-11-14,73.69,post-election
2028-11-15,58.44,post-election
2028-11-16,74.18,post-election
2028-11-17,78.05,post-election
2028-11-18,87.97,post-election
2028-11-19,58.13,post-election
2028-11-20,75.34,post-election
2028-11-21,64.92,post-election
2028-11-22,75.23,post-election
2028-11-23,68.22,post-election
2028-11-24,67.52,post-election
2028-11-25,76.82,post-election
2028-11-26,77.46,post-election
2028-11-27,67.79,post-election
2028-11-28,74.64,post-election
2028-11-29,73.78,post-election
2028-11-30,67.78,post-election
2028-12-01,70.91,post-election
2028-12-02,79.16,post-election
2028-12-03,77.1,post-election
2028-12-04,77.94,post-election
2028-12-05,86.07,post-election
2028-12-06,75.49,post-election
2028-12-07,68.47,post-election
2028-12-08,59.11,post-election
2028-12-09,65.12,post-election
2028-12-10,61.3,post-election
2028-12-11,67.01,post-election
2028-12-12,64.75,post-election
2028-12-13,68.03,post-election
2028-12-14,59.76,post-election
2028-12-15,63.78,post-election
2028-12-16,73.56,post-election
2028-12-17,72.14,post-election
2028-12-18,65.96,post-election
2028-12-19,80.13,post-election
2028-12-20,53.59,post-election
2028-12-21,79.83,post-election
2028-12-22,85.7,post-election
2028-12-23,65.92,post-election
2028-12-24,73.88,post-election
2028-12-25,64.42,post-election
2028-12-26,69.78,post-election
2028-12-27,78.16,post-election
2028-12-28,60.86,post-election
2028-12-29,64.45,post-election
2028-12-30,75.32,post-election
2028-12-31,74.16,post-election
2029-01-01,78.07,post-election
2029-01-02,82.53,post-election
2029-01-03,77.7,post-election
2029-01-04,59.22,post-election
2029-01-05,71.54,post-election
2029-01-06,66.01,post-election
2029-01-07,69.94,post-election
2029-01-08,79.17,post-election
2029-01-09,72.76,post-election
2029-01-10,71.55,post-election
2029-01-11,63.8,post-election
2029-01-12,73.97,post-election
2029-01-13,58.21,post-election
2029-01-14,65.78,post-election
2029-01-15,86.17,post-election
2029-01-16,76.16,post-election
2029-01-17,60.38,post-election
2029-01-18,57.71,post-election
2029-01-19,60.41,post-election
2029-01-20,75.8,post-election
2029-01-21,74.33,post-election
2029-01-22,64.31,post-election
2029-01-23,66.31,post-election
2029-01-24,79.78,post-election
2029-01-25,66.93,post-election
2029-01-26,69.42,post-election
2029-01-27,73.53,post-election
2029-01-28,73.18,post-election
2029-01-29,62.65,post-election
2029-01-30,65.87,post-election
2029-01-31,59.19,post-election
2029-02-01,74.69,post-election
2029-02-02,78.32,post-election
2029-02-03,72.44,post-election
2029-02-04,78.13,post-election
2029-02-05,63.49,post-election
2029-02-06,68.6,post-election
2029-02-07,68.64,post-election
2029-02-08,55.69,post-election
2029-02-09,75.89,post-election
2029-02-10,74.79,post-election
2029-02-11,76.83,post-election
2029-02-12,83.16,post-election
2029-02-13,55.27,post-election
2029-02-14,76.18,post-election
2029-02-15,77.17,post-election
2029-02-16,67.9,post-election
2029-02-17,76.02,post-election
2029-02-18,55.85,post-election
2029-02-19,72.14,post-election
2029-02-20,38.71,post-election
2029-02-21,73.12,post-election
2029-02-22,86.02,post-election
2029-02-23,85.42,post-election
2029-02-24,48.4,post-election
2029-02-25,75.35,post-election
2029-02-26,66.5,post-election
2029-02-27,69.75,post-election
2029-02-28,47.84,post-election
2029-03-01,73.85,post-election
2029-03-02,69.73,post-election
2029-03-03,73.74,post-election
2029-03-04,68.09,post-election
2029-03-05,59.75,post-election
2029-03-06,73.33,post-election
2029-03-07,75.95,post-election
2029-03-08,70.54,post-election
2029-03-09,75.67,post-election
2029-03-10,65.36,post-election
2029-03-11,77.85,post-election
2029-03-12,66.42,post-election
2029-03-13,64.2,post-election
2029-03-14,80.42,post-election
2029-03-15,81.15,post-election
2029-03-16,76.81,post-election
2029-03-17,72.21,post-election
2029-03-18,85.95,post-election
2029-03-19,59.89,post-election
2029-03-20,86.38,post-election
2029-03-21,87.14,post-election
2029-03-22,70.55,post-election
2029-03-23,75.86,post-election
2029-03-24,76.1,post-election
2029-03-25,81.94,post-election
2029-03-26,61.41,post-election
2029-03-27,78.96,post-election
2029-03-28,52.91,post-election
2029-03-29,90.77,post-election
2029-03-30,64.29,post-election
2029-03-31,66.84,post-election
2029-04-01,72.59,post-election
2029-04-02,57.5,post-election
2029-04-03,67.37,post-election
2029-04-04,70.61,post-election
2029-04-05,66.6,post-election
2029-04-06,90.26,post-election
2029-04-07,52.13,post-election
2029-04-08,68.95,post-election
2029-04-09,81.79,post-election
2029-04-10,61.64,post-election
2029-04-11,63.61,post-election
2029-04-12,89.43,post-election
2029-04-13,51.33,post-election
2029-04-14,61.96,post-election
2029-04-15,58.02,post-election
2029-04-16,76.3,post-election
2029-04-17,61.34,post-election
2029-04-18,74.68,post-election
2029-04-19,68.54,post-election
2029-04-20,68.47,post-election
2029-04-21,78.56,post-election
2029-04-22,71.37,post-election
2029-04-23,50.59,post-election
2029-04-24,64.64,post-election
2029-04-25,77.14,post-election
2029-04-26,88.6,post-election
2029-04-27,58.85,post-election
2029-04-28,67.71,post-election
2029-04-29,69.18,post-election
2029-04-30,62.67,post-election
2029-05-01,61.17,post-election
2029-05-02,88.39,post-election
2029-05-03,89.78,post-election
2029-05-04,50.93,post-election
2029-05-05,51.16,post-election
2029-05-06,67.23,post-election
2029-05-07,74.3,post-election
2029-05-08,68.71,post-election
2029-05-09,81.29,post-election
2029-05-10,67.53,post-election
2029-05-11,58.34,post-election
2029-05-12,85.2,post-election
2029-05-13,67.66,post-election
2029-05-14,67.16,post-election
2029-05-15,67.37,post-election
2029-05-16,70.56,post-election
2029-05-17,46.81,post-election
2029-05-18,76.83,post-election
2029-05-19,77.21,post-election
2029-05-20,76.29,post-election
2029-05-21,65.89,post-election
2029-05-22,70.99,post-election
2029-05-23,55.65,post-election
2029-05-24,73.6,post-election
2029-05-25,56.83,post-election
2029-05-26,83.17,post-election
2029-05-27,60.74,post-election
2029-05-28,49.41,post-election
2029-05-29,71.73,post-election
2029-05-30,53.69,post-election
2029-05-31,60.72,post-election
2029-06-01,83.04,post-election
2029-06-02,88.72,post-election
2029-06-03,67.37,post-election
2029-06-04,79.72,post-election
2029-06-05,56.23,post-election
2029-06-06,87.31,post-election
2029-06-07,69.95,post-election
2029-06-08,62.2,post-election
2029-06-09,73.98,post-election
2029-06-10,61.91,post-election
2029-06-11,70.5,post-election
2029-06-12,71.02,post-election
2029-06-13,81.69,post-election
2029-06-14,64.33,post-election
2029-06-15,66.25,post-election
2029-06-16,71.24,post-election
2029-06-17,78.97,post-election
2029-06-18,88.96,post-election
2029-06-19,85.82,post-election
2029-06-20,79.6,post-election
2029-06-21,50.97,post-election
2029-06-22,79.47,post-election
2029-06-23,77.53,post-election
2029-06-24,63.02,post-election
2029-06-25,69.35,post-election
2029-06-26,56.31,post-election
2029-06-27,69.87,post-election
2029-06-28,70.91,post-election
2029-06-29,52.46,post-election
2029-06-30,54.19,post-election
2029-07-01,71.74,post-election
2029-07-02,59.73,post-election
2029-07-03,67.01,post-election
2029-07-04,80.08,post-election
2029-07-05,65.74,post-election
2029-07-06,71.27,post-election
2029-07-07,76.16,post-election
2029-07-08,58.75,post-election
2029-07-09,82.43,post-election
2029-07-10,79.17,post-election
2029-07-11,82.73,post-election
2029-07-12,65.74,post-election
2029-07-13,55.36,post-election
2029-07-14,75.11,post-election
2029-07-15,76.19,post-election
2029-07-16,95.4,post-election
2029-07-17,82.19,post-election
2029-07-18,65.35,post-election
2029-07-19,64.93,post-election
2029-07-20,76.21,post-election
2029-07-21,89.93,post-election
2029-07-22,58.17,post-election
2029-07-23,62.19,post-election
2029-07-24,87.48,post-election
2029-07-25,88.37,post-election
2029-07-26,71.95,post-election
2029-07-27,53.8,post-election
2029-07-28,64.57,post-election
2029-07-29,81.67,post-election
2029-07-30,91.54,post-election
2029-07-31,69.84,post-election
2029-08-01,63.69,post-election
2029-08-02,73.05,post-election
2029-08-03,71.45,post-election
2029-08-04,60.91,post-election
2029-08-05,75.92,post-election
2029-08-06,83.9,post-election
2029-08-07,70.13,post-election
2029-08-08,76.26,post-election
2029-08-09,72.52,post-election
2029-08-10,69.62,post-election
2029-08-11,67.86,post-election
2029-08-12,81.98,post-election
2029-08-13,77.32,post-election
2029-08-14,64.97,post-election
2029-08-15,76.3,post-election
2029-08-16,79.57,post-election
2029-08-17,69.26,post-election
2029-08-18,43.22,post-election
2029-08-19,91.36,post-election
2029-08-20,62.49,post-election
2029-08-21,66.51,post-election
2029-08-22,91.19,post-election
2029-08-23,51.02,post-election
2029-08-24,58.93,post-election
2029-08-25,62.51,post-election
2029-08-26,56.87,post-election
2029-08-27,81.03,post-election
2029-08-28,82.64,post-election
2029-08-29,75.01,post-election
2029-08-30,65.61,post-election
2029-08-31,65.76,post-election
2029-09-01,69.32,post-election
2029-09-02,64.75,post-election
2029-09-03,74.83,post-election
2029-09-04,79.09,post-election
2029-09-05,65.43,post-election
2029-09-06,73.19,post-election
2029-09-07,46.14,post-election
2029-09-08,65.76,post-election
2029-09-09,61.22,post-election
2029-09-10,80.99,post-election
2029-09-11,81.86,post-election
2029-09-12,48.04,post-election
2029-09-13,79.22,post-election
2029-09-14,64.34,post-election
2029-09-15,68.36,post-election
2029-09-16,78.99,post-election
2029-09-17,76.89,post-election
2029-09-18,66.81,post-election
2029-09-19,73.2,post-election
2029-09-20,65.33,post-election
2029-09-21,82.52,post-election
2029-09-22,54.29,post-election
2029-09-23,78.2,post-election
2029-09-24,83.91,post-election
2029-09-25,43.9,post-election
2029-09-26,71.48,post-election
2029-09-27,66.37,post-election
2029-09-28,71.1,post-election
2029-09-29,67.3,post-election
